"model","n_boot","mean_saved","sd_saved","q025","q50","q975"
"Naive Bivaraite ETAS with KDE",100,340.678,191.676569047809,115.32445,308.1494,588.6134
"SEM Bivariate ETAS with KDE",100,-118.436,73.9696815021212,-209.962,-139.1927,119.2616
